stationCode,station_id,postcode,city
16107,213688169,75016,Paris
31104,653222953,93110,Rosny-sous-Bois
44015,17278902806,94400,Vitry-sur-Seine
9020,36255,75009,Paris
12109,37815204,75012,Paris
14111,251039991,75014,Paris
14014,85002689,75014,Paris
32017,2515829865,93200,Saint-Denis
11104,516709288,75011,Paris
8026,120827885,75008,Paris
13007,66491398,75013,Paris
6003,37874517,75006,Paris
7002,210565680,75007,Paris
5110,210403080,75005,Paris
6108,210561800,75006,Paris
33006,209063434,93300,Aubervilliers
42016,94555589,94200,Ivry-sur-Seine
41301,244498842,94130,Nogent-sur-Marne
6021,210405211,75006,Paris
21010,43195240,92100,Boulogne-Billancourt
25006,501862076,92500,Rueil-Malmaison
30002,17486274358,93000,Bobigny
17038,207633746,75017,Paris
15202,16560752067,75015,Paris
7003,210566542,75007,Paris
17041,85043758,75017,Paris
17026,54000559,75017,Paris
5016,210397939,75005,Paris
11025,82405965,,
15047,213682736,75015,Paris
8050,128986726,75008,Paris
13101,54000581,75013,Paris
14108,13105968,75014,Paris
31024,653208733,93100,Montreuil
15026,27415224,75015,Paris
2022,54000536,75002,Paris
17044,129094535,75017,Paris
19033,54000612,75019,Paris
17025,80101533,75017,Paris
21326,17486876370,92130,Issy-les-Moulineaux
20143,599135701,75020,Paris
43002,102747146,94300,Vincennes
16138,2515403527,75116,Paris
21216,653132534,92120,Montrouge
15068,506455295,75015,Paris
22207,1057149522,92220,Bagneux
7004,210567545,75007,Paris
92002,653197324,92000,Nanterre
13030,2515085147,75013,Paris
19027,42950839,75019,Paris
31028,14813797734,93100,Montreuil
17048,88230992,75017,Paris
44017,499303158,94400,Vitry-sur-Seine
10013,123095125,75010,Paris
16118,27415302,75016,Paris
2017,27414512,75002,Paris
9008,210580039,75009,Paris
8103,49474389,75008,Paris
8048,128940135,75016,Paris
14013,35149611,75014,Paris
13118,1057296253,75013,Paris
15112,576188379,75015,Paris
18111,129107656,75018,Paris
9002,210574471,75009,Paris
48003,1057228658,94800,Villejuif
16110,230873471,75016,Paris
14002,205047993,75014,Paris
9014,39799329,75009,Paris
43009,129164969,94300,Vincennes
8053,128989986,75008,Paris
9001,129004826,75009,Paris
17032,518825709,75017,Paris
8016,128930462,75008,Paris
10162,911767210,75010,Paris
10115,54000565,75010,Paris
10029,210586093,75010,Paris
5005,7254,75005,Paris
10161,369644630,75010,Paris
41303,214114469,94130,Nogent-sur-Marne
12031,55927887,75012,Paris
7011,210570888,75007,Paris
7018,128887067,75007,Paris
5022,72765603,75005,Paris
9106,210582921,75009,Paris
21328,16659953198,92130,Issy-les-Moulineaux
21323,17486828694,92130,Issy-les-Moulineaux
8201,16659964929,75008,Paris
13104,35196898,75013,Paris
17040,43255030,75017,Paris
9038,129025451,75009,Paris
8009,128920403,75008,Paris
1001,323616530,75001,Paris
31103,1062192012,93110,Rosny-sous-Bois
17008,521393180,75017,Paris
6001,6296,75006,Paris
19105,208795867,75019,Paris
31706,82567101,93170,Bagnolet
22409,457813746,92240,Malakoff
5020,128882438,75005,Paris
19015,50191171,75019,Paris
9022,129014600,75009,Paris
26003,3906153622,92600,Asnières-sur-Seine
17004,129087587,75017,Paris
19003,213693511,75019,Paris
8036,82379648,75008,Paris
12151,66491397,75012,Paris
18107,230877798,75018,Paris
92007,2515995748,92000,Nanterre
16026,27363162,75016,Paris
9028,129021753,75009,Paris
10107,210740080,75010,Paris
26002,3906094706,92600,Asnières-sur-Seine
17043,80216231,75017,Paris
19026,336511521,75019,Paris
16039,82562556,75016,Paris
11023,129048000,75011,Paris
45003,1062250686,94500,Champigny-sur-Marne
11002,129043651,75011,Paris
12111,27363489,75012,Paris
8034,39296638,75008,Paris
11047,813544903,75011,Paris
19043,205938683,75019,Paris
5032,210399835,75005,Paris
20042,102324803,75020,Paris
15067,101763163,75015,Paris
43401,653133605,94340,Joinville-le-Pont
17030,126050442,75017,Paris
6006,27414578,75006,Paris
11027,54000569,75011,Paris
12128,508042092,75012,Paris
8010,42603855,75008,Paris
31022,818302209,93100,Montreuil
19101,13718041,75019,Paris
14003,265464297,75014,Paris
46002,1057392676,94600,Choisy-le-Roi
11113,532054446,75011,Paris
10016,129034587,75010,Paris
31009,261987383,93100,Montreuil
41302,314829539,94130,Nogent-sur-Marne
14020,1057324291,75014,Paris
5018,37815993,75005,Paris
33017,583539396,93300,Aubervilliers
15042,101753100,75015,Paris
20112,27415466,75020,Paris
18011,81081358,75018,Paris
43008,66491385,94300,Vincennes
33102,209057581,93310,Le Pré-Saint-Gervais
42706,3906335682,94270,Le Kremlin-Bicêtre
21212,586539770,92120,Montrouge
15104,535500589,75015,Paris
44006,597245295,94400,Vitry-sur-Seine
19120,235513935,75019,Paris
18003,102309973,75018,Paris
18031,27363187,75018,Paris
5004,27206194,75005,Paris
19103,102323152,75019,Paris
14138,828134511,75014,Paris
12114,129060764,75012,Paris
46003,586649404,94600,Choisy-le-Roi
41209,596813170,94120,Fontenay-sous-Bois
21312,596872103,92130,Issy-les-Moulineaux
10024,271426439,75010,Paris
13001,210749865,75013,Paris
8045,66491389,75008,Paris
18028,76199461,75018,Paris
42014,230952057,94200,Ivry-sur-Seine
8017,88140066,75008,Paris
15054,213683101,75015,Paris
15106,213684750,75015,Paris
14008,129067920,75014,Paris
5124,2515049357,75005,Paris
14106,27364743,75014,Paris
18046,102314792,75018,Paris
22406,35447568,92240,Malakoff
31102,583178525,93100,Montreuil
2111,2514995690,75002,Paris
18022,66491402,75018,Paris
8054,82387816,75008,Paris
15109,213685090,75015,Paris
21209,301841024,92120,Montrouge
14012,213679512,75014,Paris
21005,85147829,92100,Boulogne-Billancourt
35010,588452142,93500,Pantin
10042,129038848,75010,Paris
17203,17581042048,75017,Paris
14124,213681356,75014,Paris
15133,2515351285,75015,Paris
15110,213685514,75015,Paris
21006,102329800,92100,Boulogne-Billancourt
44013,572566600,94400,Vitry-sur-Seine
20131,54000625,75020,Paris
31008,213911772,93100,Montreuil
21015,129132870,92100,Boulogne-Billancourt
44003,620403530,94400,Vitry-sur-Seine
15034,66491378,75015,Paris
41404,631773910,94140,Alfortville
48010,1765749389,94800,Villejuif
22203,611152693,92220,Bagneux
41202,235241110,94120,Fontenay-sous-Bois
42021,613737748,94200,Ivry-sur-Seine
11030,41498023,75011,Paris
1119,1062671597,75001,Paris
31708,213945171,93170,Bagnolet
35020,463297497,93500,Pantin
5106,35908,75005,Paris
25003,213875650,92500,Rueil-Malmaison
20115,245187072,75020,Paris
31003,129144878,93100,Montreuil
22402,27415665,92240,Malakoff
9116,593238093,75009,Paris
21008,102331767,92100,Boulogne-Billancourt
11039,37791,75011,Paris
17013,50156117,75017,Paris
16008,15462236,75016,Paris
13050,101024234,75013,Paris
11026,210744286,75011,Paris
32604,213992316,93260,Les Lilas
19024,213694482,75019,Paris
41601,235599121,94160,Saint-Mandé
15021,101743895,75015,Paris
17105,213691848,75017,Paris
9010,129011497,75009,Paris
18009,54000601,75018,Paris
16038,213687140,75016,Paris
11105,97677210,75011,Paris
14110,213680917,75014,Paris
17125,1057774603,75017,Paris
16108,213688462,75016,Paris
43005,102749572,94300,Vincennes
16136,390212609,75016,Paris
19032,549876068,75019,Paris
19022,63498079,75019,Paris
21701,102338493,92170,Vanves
15103,213683992,75015,Paris
22003,27362896,92200,Neuilly-sur-Seine
11024,39254792,75011,Paris
20134,875078767,75020,Paris
24001,1558958733,92400,Courbevoie
22016,2515802454,92200,Neuilly-sur-Seine
14136,648227675,75014,Paris
32302,1062206433,93230,Romainville
10014,129032910,75010,Paris
13002,54000577,75013,Paris
11035,54001024,75011,Paris
42010,94250567,94200,Ivry-sur-Seine
15046,129078200,75015,Paris
46001,649888071,94600,Choisy-le-Roi
16040,82563707,75016,Paris
22006,129143598,92200,Neuilly-sur-Seine
17028,213690847,75017,Paris
21301,102333275,92130,Issy-les-Moulineaux
42302,640629438,94230,Cachan
19029,27363362,75019,Paris
9032,237624030,75009,Paris
19016,6399,75019,Paris
32003,213957917,93210,Saint-Denis
21104,54000626,92110,Clichy
11042,210746090,75011,Paris
9005,27414841,75009,Paris
8025,42566291,75008,Paris
1013,53999465,75001,Paris
7102,82253759,75007,Paris
20121,213702608,75020,Paris
19013,54000609,75019,Paris
5123,647826568,75005,Paris
1002,82328045,75001,Paris
42301,214134714,94230,Cachan
42504,214139374,94250,Gentilly
26013,17174681330,92600,Asnières-sur-Seine
20111,213700358,75020,Paris
42015,559507144,94200,Ivry-sur-Seine
32016,653063170,93200,Saint-Denis
15201,3906215030,75015,Paris
31010,129151834,93100,Montreuil
19008,213694069,75019,Paris
11004,55664548,75011,Paris
92008,653200142,92000,Nanterre
41402,650091839,94140,Alfortville
43003,362869414,94300,Vincennes
7005,100859941,75007,Paris
11036,49368561,75011,Paris
18012,42743053,75018,Paris
12009,49859500,75012,Paris
19125,213699913,75019,Paris
14036,101740379,75014,Paris
18201,4329844165,75018,Paris
8013,54000553,75008,Paris
9021,468843711,75009,Paris
23009,378626842,92300,Levallois-Perret
12027,27414945,75012,Paris
32303,376664868,93230,Romainville
42029,2515927759,94200,Ivry-sur-Seine
12115,27071684,75012,Paris
8035,205955605,75008,Paris
21313,933214552,92130,Issy-les-Moulineaux
17102,39217683,75017,Paris
28001,353462947,92800,Puteaux
26007,1559700274,92600,Asnières-sur-Seine
6013,66491370,75006,Paris
16111,213688824,75016,Paris
11007,210090269,75011,Paris
9101,36473,75009,Paris
7015,82337423,75007,Paris
15025,66491393,75015,Paris
35018,1062223873,93500,Pantin
18110,49085250,75018,Paris
19005,66491404,75019,Paris
10113,66491392,75010,Paris
41606,2515907297,94160,Saint-Mandé
17011,66491401,75017,Paris
17045,341388492,75017,Paris
43402,985828965,94340,Joinville-le-Pont
33018,338762459,93300,Aubervilliers
12013,323486248,75012,Paris
21305,38263504,92130,Issy-les-Moulineaux
11115,501318622,75011,Paris
14021,652120758,75014,Paris
5021,54000544,75005,Paris
8033,49403716,75008,Paris
16121,470807791,75016,Paris
5012,210396518,75005,Paris
23001,568135465,92300,Levallois-Perret
15010,82450803,75015,Paris
41102,214102967,94110,Arcueil
17037,54000597,75017,Paris
18141,2515658032,75018,Paris
19004,102319838,75019,Paris
16124,652192395,75016,Paris
33003,571923059,93300,Aubervilliers
33009,54000635,93300,Aubervilliers
7009,210568512,75007,Paris
14117,82445192,75014,Paris
25005,1062179194,92500,Rueil-Malmaison
22505,1063017616,92250,La Garenne-Colombes
13045,378648513,75013,Paris
19115,27278603,75019,Paris
14034,13497763,75014,Paris
32010,653042442,93210,Saint-Denis
16018,49807107,75016,Paris
12034,210747224,75012,Paris
20043,66491405,75020,Paris
15033,357409723,75015,Paris
25008,17992442278,92500,Rueil-Malmaison
19044,52393,75019,Paris
24002,570185777,92400,Courbevoie
12201,54000571,75012,Paris
33001,473204291,93300,Aubervilliers
16034,27363103,75016,Paris
20132,85145704,75020,Paris
11031_relais,950901146,75011,Paris
20119,26958435,75020,Paris
19019,6385,75019,Paris
42207,82550925,94220,Charenton-le-Pont
42707,85165045,94270,Le Kremlin-Bicêtre
20036,129119449,75020,Paris
92003,475524450,92000,Nanterre
5119,653048150,75005,Paris
35009,244400797,93500,Pantin
31705,213922790,93170,Bagnolet
8055,129001431,75008,Paris
27002,653203262,92700,Colombes
21109,406806401,92110,Clichy
23701,1063035479,92370,Chaville
17007,54000595,75017,Paris
21502,82571110,92150,Suresnes
14001,54000582,75014,Paris
31012,217235307,93100,Montreuil
12126,210748575,94220,Charenton-le-Pont
12024,82421994,75012,Paris
16129,129086648,75116,Paris
35019,217572769,93500,Pantin
14104,214298601,75014,Paris
20113,129125489,75020,Paris
20120,85143075,93170,Bagnolet
5114,653044270,75005,Paris
8012,215495494,75017,Paris
41604,214122655,93100,Montreuil
15017,82458977,75015,Paris
15029,129077035,75015,Paris
17018,15461933,75017,Paris
5116,653046029,75005,Paris
18005,216473073,75018,Paris
10005,37521,75010,Paris
92004,2515976231,92000,Nanterre
18020,129103849,75018,Paris
20136,1057009034,75020,Paris
5026,82334007,75005,Paris
43006,214146056,94300,Vincennes
5002,15308782,75005,Paris
15028,85008390,75015,Paris
8102,216039437,75008,Paris
14018,43155320,75014,Paris
31702,221047138,93170,Bagnolet
21013,129130397,92100,Boulogne-Billancourt
42503,653129412,94110,Arcueil
21111,419381597,92110,Clichy
7014,27414601,75007,Paris
7006,54000548,75007,Paris
2010,54000466,75002,Paris
11114,426772876,75011,Paris
20040,74620630,75020,Paris
17017,129091653,75017,Paris
10023,129036192,75010,Paris
21105,129134084,92110,Clichy
34002,11004671601,93400,Saint-Ouen-sur-Seine
13026,210754072,75013,Paris
23002,419991048,92300,Levallois-Perret
14139,2820744873,75014,Paris
13102,213676825,75013,Paris
11101,15299574,75011,Paris
15055,41566122,75015,Paris
14130,963786819,75014,Paris
10015,427678168,75010,Paris
41207,976762284,94120,Fontenay-sous-Bois
16006,213686196,75016,Paris
12011,82421013,75012,Paris
21308,434419150,92130,Issy-les-Moulineaux
21019,252339799,92100,Boulogne-Billancourt
6018,224589573,75006,Paris
12032,220502135,75012,Paris
19037,129114993,75020,Paris
20109,129124069,75020,Paris
6107,221094844,75006,Paris
6103,220726050,75006,Paris
15038,254224239,75015,Paris
21032,1805401614,92100,Boulogne-Billancourt
20021,85118872,75020,Paris
19109,129116697,75019,Paris
31019,977409509,93100,Montreuil
32014,653055049,93200,Saint-Denis
18032,221041655,75018,Paris
17124,1057769632,75018,Paris
44012,1333959209,94400,Vitry-sur-Seine
17027,213690256,75017,Paris
10165,476183970,75010,Paris
31016,632007124,93100,Montreuil
51003,977206088,95100,Argenteuil
22101,213868408,92210,Saint-Cloud
13016,129061615,75013,Paris
2009,120564786,75002,Paris
13043,224598098,75013,Paris
8051,82381710,75008,Paris
14122,10968855,75014,Paris
44102,82508970,94410,Saint-Maurice
9115,653055097,75009,Paris
16123,221038698,75016,Paris
19039,27246227,75019,Paris
16032,63297,75016,Paris
21003,95927849,92100,Boulogne-Billancourt
22001,102341385,92200,Neuilly-sur-Seine
18025,54000605,75018,Paris
17122,979059925,75017,Paris
20027,6512,75020,Paris
9023,27363323,75009,Paris
31007,129145892,93100,Montreuil
15108,102289046,75015,Paris
19040,124402232,75020,Paris
26001,985086307,92600,Asnières-sur-Seine
17047,27415327,75017,Paris
6016,100798076,75006,Paris
41204,1063404053,94120,Fontenay-sous-Bois
17046,54000598,75017,Paris
17121,989753852,75017,Paris
47006,990000217,94700,Maisons-Alfort
10020,121025345,75010,Paris
18113,213692714,75018,Paris
19009,82577019,75019,Paris
18109,39256416,75018,Paris
19038,255207155,75019,Paris
18029,63769334,75018,Paris
21703,129136818,92170,Vanves
35017,653080986,93500,Pantin
20118,27415469,75020,Paris
16021,39599631,75016,Paris
9031,84979504,75009,Paris
9117,653059015,75009,Paris
20023,85120104,75020,Paris
6030,37936869,75006,Paris
15035,101748685,75015,Paris
18049,54000608,75018,Paris
11041,66491394,75011,Paris
31703,102743096,93170,Bagnolet
35003,126175087,93500,Pantin
15031,101746493,75015,Paris
21014,27363137,92100,Boulogne-Billancourt
35014,339797666,93500,Pantin
11006,82404497,75011,Paris
47005,1968156458,94700,Maisons-Alfort
19127,991351798,75019,Paris
16015,7304,75016,Paris
15070,54000592,75015,Paris
1120,1002738770,75001,Paris
14112,15409531,75014,Paris
47004,29327,94700,Maisons-Alfort
9026,36298,75009,Paris
21001,37903195,92100,Boulogne-Billancourt
18033,102313219,75018,Paris
11010,100906707,75011,Paris
16122,624177860,75016,Paris
15002,27369223,75015,Paris
21310,102336814,92130,Issy-les-Moulineaux
23007,484423835,92300,Levallois-Perret
20016,54000618,75020,Paris
32015,653059879,93200,Saint-Denis
10010,210583589,75010,Paris
5121,653050378,75005,Paris
16043,15291968,75016,Paris
20116,66491407,75020,Paris
16027,15387809,75016,Paris
11043,100918666,75011,Paris
18017,129101773,75018,Paris
32004,213987795,93210,Saint-Denis
16029,15397468,75016,Paris
8019,84966359,75008,Paris
9017,42908639,75009,Paris
18008,125469898,,
7008,54000549,75007,Paris
16112,52329,75016,Paris
42703,85162552,94270,Le Kremlin-Bicêtre
14030,54000586,75014,Paris
20201,2515738489,75020,Paris
13046,256561528,75013,Paris
22102,452920451,92210,Saint-Cloud
12004,37920,75012,Paris
15003,54000588,75015,Paris
4110,1020700136,75004,Paris
6032,100855693,75006,Paris
17022,102304517,75017,Paris
7020,128889359,75007,Paris
19041,256124192,75020,Paris
10036,210737808,75010,Paris
23304,17526921983,92330,Sceaux
6017,54000546,75006,Paris
8001,42499285,75008,Paris
13103,35137730,75013,Paris
15107,259977414,75015,Paris
1117,1002059045,75001,Paris
12161,912377361,75012,Paris
21114,653127524,92110,Clichy
20137,2515686699,75020,Paris
23903,17527110170,92390,Villeneuve-la-Garenne
23403,17527065847,92340,Bourg-la-Reine
31704,82568336,93170,Bagnolet
19023,54000611,75019,Paris
32603,66491408,93260,Les Lilas
7013,100872260,75007,Paris
2013,36151,75002,Paris
21311,213848056,92130,Issy-les-Moulineaux
12041,452936197,94160,Saint-Mandé
15059,54000545,75015,Paris
8038,66505511,75008,Paris
7016,66491386,75007,Paris
18138,1023083417,75018,Paris
4013,54000541,75004,Paris
14006,101490103,75014,Paris
4011,54000539,75004,Paris
45001,1025995767,94500,Champigny-sur-Marne
31023,1034242363,93100,Montreuil
7101,544249939,75007,Paris
13041,82432573,75013,Paris
9118,1021553839,75010,Paris
21024,1021176825,92100,Boulogne-Billancourt
10163,653065577,75010,Paris
2001,335780498,75002,Paris
17201,18175885970,75017,Paris
20019,484387018,75020,Paris
18137,1035816937,75018,Paris
17116,66507229,75017,Paris
12108,27415012,75012,Paris
8056,224256188,75008,Paris
31013,263610599,93100,Montreuil
18001,49772483,75018,Paris
32018,653066427,93200,Saint-Denis
17016,129089749,75017,Paris
20202,82587428,75020,Paris
18019,27415297,75018,Paris
5019,100770878,75005,Paris
11003,13283986,75011,Paris
11034,100910836,75011,Paris
1016,27363256,75001,Paris
9012,6515,75009,Paris
15020,41523981,75015,Paris
41206,1034247348,94120,Fontenay-sous-Bois
13113,39536951,75013,Paris
19031,35089539,75019,Paris
13114,27415169,75013,Paris
15061,15412563,75015,Paris
20017,30179848,75020,Paris
11019,27363029,75011,Paris
23008,484889494,92300,Levallois-Perret
7026,27415285,75007,Paris
8015,100902274,75008,Paris
15063,54000607,75015,Paris
21108,78348185,92110,Clichy
6014,36003,75006,Paris
14116,27415215,92120,Montrouge
31018,263732151,93100,Montreuil
47002,1036199130,94700,Maisons-Alfort
33005,129161858,93300,Aubervilliers
2110,653035822,75002,Paris
1022,27414460,75002,Paris
14007,75313725,75014,Paris
10164,653069115,75010,Paris
11107,82419429,75011,Paris
9113,349750111,75009,Paris
20103,52453,75020,Paris
2014,210389577,75002,Paris
16041,15401095,75016,Paris
4109,1055553396,75004,Paris
3101,210394523,75003,Paris
23302,1036226943,92330,Sceaux
8105,66505513,75008,Paris
6031,66491371,75006,Paris
11048,1056959071,75011,Paris
2101,486833337,75002,Paris
21952,1055541632,92190,Meudon
8049,60667075,75008,Paris
12154,606669250,75012,Paris
5030,66491368,75005,Paris
8029,15383032,75008,Paris
9015,54000561,75009,Paris
22017,17638171254,92200,Neuilly-sur-Seine
19021,54001190,75019,Paris
17104,82569809,75017,Paris
19030,266052390,75019,Paris
21004,37952191,92100,Boulogne-Billancourt
22002,34300292,92200,Neuilly-sur-Seine
35008,82554786,93500,Pantin
13022,268976295,75013,Paris
20045,27415444,75020,Paris
13019,76488849,75013,Paris
11044,460558111,75011,Paris
11110,84983562,75011,Paris
16031,129081441,75016,Paris
12153,1056986761,75012,Paris
5028,41610121,75005,Paris
17005,82566934,75017,Paris
21017,82590367,92100,Boulogne-Billancourt
14127,43219958,75014,Paris
14016,35106544,75014,Paris
12033,267976590,75012,Paris
12120,1056965116,75012,Paris
22012,54000630,92200,Neuilly-sur-Seine
18142,1599921040,75018,Paris
18014,129096696,75018,Paris
18035,82573931,75018,Paris
13110,82436057,75013,Paris
23105,11851037297,92310,Sèvres
42011,269953055,94200,Ivry-sur-Seine
15009,82448637,75015,Paris
23005,271540743,92300,Levallois-Perret
21120,11851327865,92110,Clichy
20117,13372702,75020,Paris
48009,1599931563,94800,Villejuif
14125,15411223,75014,Paris
21009,85152599,92100,Boulogne-Billancourt
4107,284711589,75004,Paris
20047,66491406,75020,Paris
9013,30550,75009,Paris
31017,478593396,93100,Montreuil
13047,213675430,75013,Paris
18114,213693126,75018,Paris
44103,363735875,94410,Saint-Maurice
22403,265266148,92240,Malakoff
21951,357491025,92360,Meudon
92005,457713145,92000,Nanterre
22103,392576677,92210,Saint-Cloud
19113,52456,75019,Paris
14128,1056995858,75014,Paris
10039,27414924,75010,Paris
13117,390075668,75013,Paris
12125,1056972307,75012,Paris
31101,653217067,93110,Rosny-sous-Bois
31026,1109534105,93100,Montreuil
17001,365181481,75017,Paris
12129,653076373,75012,Paris
9016,15310509,75009,Paris
35004,275968458,93500,Pantin
31707,213936755,75020,Paris
13515,1062812659,75013,Paris
12150,1056979685,75012,Paris
8011,128928526,75008,Paris
13020,287096529,75013,Paris
19124,13242682,75019,Paris
35011,278576043,93500,Pantin
19036,213695073,75019,Paris
14113,284708999,75014,Paris
10152,653062048,75010,Paris
35015,653079520,93500,Pantin
32021,653076393,93200,Saint-Denis
15019,129069108,75015,Paris
1020,128841079,75001,Paris
7024,54000550,75007,Paris
20004,124390478,94160,Saint-Mandé
11031,97705710,75011,Paris
16007,54000593,75016,Paris
10110,27362949,75010,Paris
15131,1057003116,75015,Paris
10037,285726279,75010,Paris
20002,285454061,75020,Paris
9036,7261,75009,Paris
12006,291354793,75012,Paris
15125,213685863,75015,Paris
13027,653079135,75013,Paris
17029,38319086,75017,Paris
10004,221032834,75010,Paris
21118,653129435,92110,Clichy
11103,124622630,75011,Paris
20039,129121741,75020,Paris
8008,96512532,75008,Paris
21203,362178041,92120,Montrouge
5034,100783424,75005,Paris
10017,210584503,75010,Paris
22013,422639331,92200,Neuilly-sur-Seine
21115,1057061349,92110,Clichy
19025,292871105,75019,Paris
16009,38280,75016,Paris
21029,653125838,92100,Boulogne-Billancourt
10153,594942659,75010,Paris
15072,404947652,75015,Paris
16003,457834134,75016,Paris
16014,213686471,75016,Paris
21316,1057081237,92130,Issy-les-Moulineaux
21708,129142199,92170,Vanves
14101,42541542,75014,Paris
13048,27363558,75013,Paris
41210,214109662,94120,Fontenay-sous-Bois
42304,653122771,94230,Cachan
11109,35147530,75011,Paris
21307,129135654,92130,Issy-les-Moulineaux
15052,101756482,75015,Paris
31021,1057179405,93100,Montreuil
44002,653135400,94400,Vitry-sur-Seine
16115,213689228,75016,Paris
15123,129079313,75015,Paris
13039,409364001,75013,Paris
21030,1057039016,92100,Boulogne-Billancourt
21031,1057045129,92100,Boulogne-Billancourt
16024,1190800638,75016,Paris
21702,302725495,92170,Vanves
15043,303102719,75015,Paris
17039,27363277,75017,Paris
22604,303452950,92260,Fontenay-aux-Roses
20009,54000617,75020,Paris
10012,37921892,75010,Paris
16101,308082350,75016,Paris
17033,213691137,75017,Paris
42305,653126035,94230,Cachan
11032,210745258,75011,Paris
13121,653080383,75013,Paris
21028,653123610,92100,Boulogne-Billancourt
5107,6295,75005,Paris
10018,54000562,75010,Paris
20007,54000615,75020,Paris
32301,135806005,93230,Romainville
12043,66491395,75012,Paris
22008,402212574,92200,Neuilly-sur-Seine
20108,102326776,75020,Paris
21219,653135378,92120,Montrouge
13011,210751059,75013,Paris
32001,213952930,93210,Saint-Denis
31025,1057184567,93100,Montreuil
5014,34235349,75005,Paris
8549,559980654,75008,Paris
23902,18012983979,92390,Villeneuve-la-Garenne
32011,1057203651,93200,Saint-Denis
13033,453172172,75013,Paris
42701,478385490,94270,Le Kremlin-Bicêtre
20122,213706622,75020,Paris
16020,213686749,75016,Paris
18027,82572699,75018,Paris
13126,1057302263,75013,Paris
4003,27269170,75004,Paris
16030,82550543,75016,Paris
8020,82375611,75017,Paris
17015,443402852,75017,Paris
15023,38192,75015,Paris
4001,84958519,75004,Paris
22501,1062162270,92250,La Garenne-Colombes
42003,35101194,94200,Ivry-sur-Seine
13128,1057319366,75013,Paris
23003,458086607,92300,Levallois-Perret
14010,101491821,75014,Paris
14131,653081846,75014,Paris
17023,213689815,75017,Paris
19108,443198808,75019,Paris
4002,6294,75004,Paris
44007,620676855,94400,Vitry-sur-Seine
4016,98187918,75004,Paris
6008,13191324,75006,Paris
10105,210738704,75010,Paris
17003,82565383,75017,Paris
42501,102745622,94250,Gentilly
13109,213677219,75013,Paris
21204,85155919,92120,Montrouge
42209,1062238429,94220,Charenton-le-Pont
43001,369011098,94300,Vincennes
22206,102343591,92220,Bagneux
13106,27415150,75013,Paris
11021,7247,75020,Paris
21217,653134004,92120,Montrouge
15064,27415246,75015,Paris
15030,389788858,75015,Paris
9114,1056947780,75010,Paris
16011,38327,75016,Paris
12007,100925033,75012,Paris
25001,109609241,92500,Rueil-Malmaison
35007,82562496,93500,Pantin
47001,235197110,94700,Maisons-Alfort
44101,417088374,94410,Saint-Maurice
13032,439750210,75013,Paris
8037,42720305,75008,Paris
27004,653205656,92700,Colombes
22303,653147618,92230,Gennevilliers
92001,417623119,92000,Nanterre
21306,82584215,92130,Issy-les-Moulineaux
43010,428088564,94300,Vincennes
17107,365886904,75017,Paris
11017,221036108,75011,Paris
15057,653083263,75015,Paris
16002,85015750,75016,Paris
15004,27064639,75015,Paris
23010,102722579,92300,Levallois-Perret
6027,75641607,75006,Paris
18007,39151458,75018,Paris
19128,468354634,75019,Paris
22408,379063990,92240,Malakoff
15005,213682190,75015,Paris
18006,213692227,75018,Paris
21401,653137566,92140,Clamart
13044,213674686,75013,Paris
9027,38522,75009,Paris
17108,488889101,75017,Paris
4020,266422568,75004,Paris
15022,488872892,75015,Paris
23004,54000632,92300,Levallois-Perret
16001,488800137,75016,Paris
9024,129016495,75009,Paris
1021,1057730786,75001,Paris
33015,131094294,93300,Aubervilliers
7017,494183852,75007,Paris
15311,1057335613,75015,Paris
35006,491687415,93500,Pantin
41205,653083675,94120,Fontenay-sous-Bois
22015,653141822,92200,Neuilly-sur-Seine
12018,488980540,75012,Paris
17111,54000599,75017,Paris
44016,1057221951,94400,Vitry-sur-Seine
44005,653137567,94400,Vitry-sur-Seine
17119,54000600,75017,Paris
15011,82455731,75015,Paris
9004,15212034,75009,Paris
51002,1057399900,95100,Argenteuil
4021,210395439,75004,Paris
32601,491932748,93260,Les Lilas
15102,1057329581,75015,Paris
33016,1057378487,93300,Aubervilliers
12026,1057737444,75012,Paris
17123,2515636592,75017,Paris
6012,82336035,75006,Paris
13009,255322397,75013,Paris
27005,1314450240,92700,Colombes
15071,559595472,75015,Paris
21319,1057091571,92130,Issy-les-Moulineaux
9102,210582231,75009,Paris
9006,312870435,75009,Paris
18030,129106450,75018,Paris
92006,1057405802,92000,Nanterre
5024,27414544,75005,Paris
31005,213894629,93100,Montreuil
21314,1057354004,92130,Issy-les-Moulineaux
12038,129059516,75012,Paris
12005,100923502,75012,Paris
13516,1227051850,75013,Paris
12155,1057748427,75012,Paris
8116,1015246367,75008,Paris
9011,54000560,75009,Paris
13025,101017160,75013,Paris
12028,100933541,75012,Paris
9034,36391,75009,Paris
12035,100934967,75012,Paris
10021,15309045,75010,Paris
5115,1062783107,75005,Paris
41211,653086121,94120,Fontenay-sous-Bois
44011,653139897,94400,Vitry-sur-Seine
2108,285001735,75002,Paris
12101,101011685,75012,Paris
21707,27415547,92170,Vanves
4019,54000543,75004,Paris
5001,100769544,75005,Paris
15129,1057765913,75015,Paris
3102,1062704564,75003,Paris
20015,221043930,75020,Paris
51001,1057234527,95100,Argenteuil
8027,49498164,75008,Paris
15039,76121343,75015,Paris
21315,1057072168,92130,Issy-les-Moulineaux
13010,284787594,75013,Paris
2112,1062685145,75002,Paris
6022,1056715831,75006,Paris
15006,101742129,75015,Paris
21402,1057360420,92140,Clamart
41403,214119792,94140,Alfortville
13018,13912564,75013,Paris
23102,1057366813,92310,Sèvres
21303,37504995,92130,Issy-les-Moulineaux
33014,131908132,93300,Aubervilliers
9007,49117995,75009,Paris
13052,125811629,75013,Paris
17024,102307005,75008,Paris
15127,1057753858,75015,Paris
15036,54000590,75015,Paris
20105,27359295,75020,Paris
33103,81212212,93310,Le Pré-Saint-Gervais
14032,54000587,75014,Paris
14011,58311330,75014,Paris
41401,653087914,94140,Alfortville
6002,41219552,75006,Paris
14031,101738550,75014,Paris
20044,54000622,75020,Paris
16019,82339935,75016,Paris
33012,27414713,93300,Aubervilliers
10019,54000564,75010,Paris
11033,27363337,75011,Paris
41203,100967498,94120,Fontenay-sous-Bois
10033,6298,75010,Paris
18039,43247025,75018,Paris
16005,70903158,75016,Paris
17009,37879071,75017,Paris
5007,82332239,75005,Paris
20022,54000619,75020,Paris
4006,265201872,75004,Paris
12036,101008598,75012,Paris
14026,75525462,75014,Paris
16105,15462861,75016,Paris
10008,95845524,75010,Paris
16012,38407,75016,Paris
16036,82554449,75016,Paris
42505,39535340,94250,Gentilly
8117,1062797394,75008,Paris
10032,66491391,75010,Paris
12015,54000570,75012,Paris
48004,1062256852,94800,Villejuif
26004,1057373549,92600,Asnières-sur-Seine
18139,653089942,75018,Paris
16042,201923447,75016,Paris
1006,220504949,75001,Paris
15001,38060,75015,Paris
15008,41464928,75015,Paris
19110,27296946,75019,Paris
11112,15308712,75011,Paris
22201,653143563,92220,Bagneux
18202,9931940126,75018,Paris
3008,443153677,75003,Paris
6010,7295,75006,Paris
5015,66505510,75005,Paris
45002,1062245074,94500,Champigny-sur-Marne
15128,1057758764,75015,Paris
44014,653144717,94400,Vitry-sur-Seine
12037,42275164,75012,Paris
1007,75345531,75001,Paris
16037,85031184,75016,Paris
47003,97824043,94700,Maisons-Alfort
18004,66491379,75018,Paris
20034,39169029,75020,Paris
16013,35600927,75016,Paris
7012,100868590,75007,Paris
20001,30730,75020,Paris
20008,54000616,75020,Paris
18034,66491381,75018,Paris
6104,49094984,75006,Paris
12019,77773,75012,Paris
16102,15463487,75016,Paris
20104,52518,75020,Paris
14135,1062874070,75014,Paris
21309,82574198,92130,Issy-les-Moulineaux
8110,54000554,75008,Paris
20024,27415389,75020,Paris
3010,66491367,75003,Paris
12156,1062802530,75012,Paris
18140,653091206,75018,Paris
10034,27414902,75010,Paris
4108,653042678,75004,Paris
13005,66505516,75013,Paris
19002,49341735,75019,Paris
9009,15309674,75009,Paris
17019,125623876,75017,Paris
19201,2515672078,75019,Paris
19010,35317080,75019,Paris
10009,82396562,75010,Paris
22301,653146273,92230,Gennevilliers
15132,1062882947,75015,Paris
41405,653091677,94140,Alfortville
20006,35472299,75020,Paris
21026,1805255023,92100,Boulogne-Billancourt
32013,1057207064,93200,Saint-Denis
8028,128932790,75008,Paris
21953,1062982815,92190,Meudon
7021,128890772,75007,Paris
2015,66489651,75002,Paris
14137,1237624420,75014,Paris
14019,27415179,75014,Paris
3011,100760396,75003,Paris
31709,129152818,93170,Bagnolet
9037,129023855,75009,Paris
3001,266963426,75003,Paris
10027,210585225,75010,Paris
10006,27313492,75010,Paris
22401,262607058,92240,Malakoff
12002,39626277,75012,Paris
19129,1062911162,75019,Paris
21506,1074095810,92150,Suresnes
4103,128880156,75004,Paris
14103,27364642,75014,Paris
10011,338824395,75010,Paris
20029,27415411,75020,Paris
2003,210387163,75002,Paris
22503,653150828,92250,La Garenne-Colombes
1102,443654970,75001,Paris
21110,27415512,92110,Clichy
13017,15153595,75013,Paris
15111,471094898,75015,Paris
3005,66499894,75003,Paris
12020,1057290902,75012,Paris
2021,42341698,75002,Paris
24006,653187900,92400,Courbevoie
3009,128874528,75003,Paris
14132,1062827573,75014,Paris
4014,54000542,75004,Paris
26005,1074187051,92600,Asnières-sur-Seine
2005,100759356,75002,Paris
3012,331153695,75003,Paris
23702,1074142878,92370,Chaville
13125,1064000778,75013,Paris
14022,213680246,75014,Paris
2002,54000465,75001,Paris
19012,1074060095,75019,Paris
31001,80419347,94300,Vincennes
21507,1063000561,92150,Suresnes
22306,11874261013,92230,Gennevilliers
14023,213680553,75014,Paris
22502,1063012692,92250,La Garenne-Colombes
3006,54000538,75003,Paris
4015,100767550,75004,Paris
3003,96608796,75003,Paris
22504,653152142,92250,La Garenne-Colombes
19111,653094517,75019,Paris
9111,129029327,75009,Paris
5122,1063971944,75006,Paris
48005,1063429705,94800,Villejuif
14133,1062833975,75014,Paris
4012,58391194,75004,Paris
21215,2515756572,92120,Montrouge
41208,1063410400,94120,Fontenay-sous-Bois
42704,80298493,94270,Le Kremlin-Bicêtre
21706,98132679,92170,Vanves
10041,1063984816,75010,Paris
1014,478250062,75001,Paris
4009,128878135,75004,Paris
26006,1063044618,92600,Asnières-sur-Seine
42211,11908510683,94220,Charenton-le-Pont
42026,1063421211,94200,Ivry-sur-Seine
2012,569583918,75002,Paris
12163,1074333296,75012,Paris
3002,54000537,75003,Paris
4101,1396728955,75004,Paris
21509,11908496227,92150,Suresnes
13054,49423507,75013,Paris
1012,128834707,75001,Paris
2004,78374110,75002,Paris
19130,653097126,75019,Paris
35012,391845823,93500,Pantin
21505,653140345,92150,Suresnes
2016,15290700,75002,Paris
4018,6352,75004,Paris
4017,48800374,75004,Paris
44001,1074204954,94400,Vitry-sur-Seine
16044,129083553,75016,Paris
4007,380891087,75004,Paris
33020,2515885093,93300,Aubervilliers
32019,653072212,93200,Saint-Denis
9039,54001189,75009,Paris
22506,653153519,92250,La Garenne-Colombes
1025,276989966,75001,Paris
2008,6293,75002,Paris
1026,128843085,75001,Paris
23101,1063027377,92310,Sèvres
18015,15433394,75018,Paris
1018,210386007,75001,Paris
17106,653085678,75017,Paris
1116,6245,75001,Paris
12164,1074339090,75012,Paris
32024,18013122841,93200,Saint-Denis
14134,1062844489,75014,Paris
13038,39887632,75013,Paris
1017,27414358,75001,Paris
15040,101751231,75015,Paris
23107,18013073681,92310,Sèvres
6201,17174675707,75006,Paris
17021,54000596,75017,Paris
6026,39169877,75006,Paris
22601,653155159,92260,Fontenay-aux-Roses
42018,653099465,94200,Ivry-sur-Seine
1023,323468705,75001,Paris
48008,1810975577,94800,Villejuif
5003,35380305,75005,Paris
19202,17364714962,75019,Paris
14201,17364417797,75014,Paris
27001,1063053136,92700,Colombes
3007,653040243,75003,Paris
31020,1063061372,93100,Montreuil
28005,2705356759,92800,Puteaux
35005,214019379,93500,Pantin
18112,82574979,75018,Paris
10201,1599896463,75010,Paris
16139,2705290225,75116,Paris
6007,100790494,75006,Paris
27006,2705338817,92700,Colombes
42028,1074410417,94200,Ivry-sur-Seine
12166,1074352578,75012,Paris
22603,653156540,92140,Clamart
12113,54000573,75012,Paris
2109,653031913,75002,Paris
21119,1981490798,92110,Clichy
16010,129080400,75016,Paris
23042,1074428106,92340,Bourg-la-Reine
2102,66491366,75002,Paris
42019,653102462,94200,Ivry-sur-Seine
2020,27414527,75002,Paris
19046,653092274,75019,Paris
32020,1057210479,93200,Saint-Denis
16201,18013112116,75016,Paris
32022,16816575934,93200,Saint-Denis
1015,210328645,75001,Paris
1008,311153993,75001,Paris
2006,99886640,75002,Paris
9019,6297,75009,Paris
1024,208603342,75001,Paris
44004,632086890,94400,Vitry-sur-Seine
13202,18023659071,75013,Paris
6029,210408693,75006,Paris
12202,18013132487,75012,Paris
20010,653104215,75020,Paris
19118,54000557,75019,Paris
12016,49424560,75012,Paris
23301,653165196,92330,Sceaux
42210,11146696292,94220,Charenton-le-Pont
34013,11146714746,93400,Saint-Ouen-sur-Seine
44008,1074390359,94400,Vitry-sur-Seine
23104,653159330,92310,Sèvres
21011,653110858,92100,Boulogne-Billancourt
20140,653107480,75020,Paris
48012,1988517250,94800,Villejuif
23303,653166892,92330,Sceaux
42022,653106960,94200,Ivry-sur-Seine
15018,82468690,75015,Paris
26012,16899499876,92600,Asnières-sur-Seine
17020,39565873,75017,Paris
20048,74864208,75020,Paris
10166,2002864789,75010,Paris
45004,1074398925,94500,Champigny-sur-Marne
23202,12225158518,92320,Châtillon
13049,567884788,75013,Paris
6015,99950133,75006,Paris
13051,549480297,75013,Paris
32605,17721073284,93260,Les Lilas
17202,16899518505,75017,Paris
8202,17729456391,75008,Paris
23206,12225289563,92320,Châtillon
10202,12196660096,75010,Paris
42030,16898865154,94200,Ivry-sur-Seine
23703,653175838,92370,Chaville
5027,84960402,75005,Paris
20142,2515701705,75020,Paris
42024,653110492,94200,Ivry-sur-Seine
48001,17869323774,94800,Villejuif
51008,15550433574,95100,Argenteuil
18135,486750405,75018,Paris
24101,11438171152,92410,Ville-d'Avray
34011,10773448319,93400,Saint-Ouen-sur-Seine
21329,16529895896,92130,Issy-les-Moulineaux
21704,102339791,92170,Vanves
15203,16529911795,75015,Paris
19121,52474,75019,Paris
25007,11218473640,92500,Rueil-Malmaison
19114,125370566,75019,Paris
12123,66491396,75012,Paris
19006,78124875,75019,Paris
21002,102328355,92100,Boulogne-Billancourt
13024,54000578,75013,Paris
24004,653180903,92400,Courbevoie
13015,101015227,75013,Paris
8018,76352106,75008,Paris
23041,102724418,92340,Bourg-la-Reine
24005,653184632,92400,Courbevoie
18010,27363206,75018,Paris
8052,49791363,75008,Paris
8040,74805344,75008,Paris
15069,102287315,75015,Paris
13116,42950428,75013,Paris
11111,100921894,75011,Paris
13006,82429586,75013,Paris
12119,37995,94220,Charenton-le-Pont
48006,653193536,94800,Villejuif
15012,54000589,75015,Paris
18016,74692052,75018,Paris
19117,35080917,75019,Paris
34010,11218807773,93400,Saint-Ouen-sur-Seine
15053,101759167,75015,Paris
21022,653114003,92100,Boulogne-Billancourt
9025,66491390,75009,Paris
20003,89553051,75020,Paris
15041,54000591,75015,Paris
10003,37420,75010,Paris
11022,7402,75011,Paris
41103,75352635,94110,Arcueil
41602,34836174,94160,Saint-Mandé
13028,6354,75013,Paris
14004,35263507,75014,Paris
14027,27415194,75014,Paris
42303,653114443,94230,Cachan
48002,653190196,94800,Villejuif
41605,27363156,94160,Saint-Mandé
30003,16206842336,93000,Bobigny
20012,39776330,75020,Paris
35013,66491409,93500,Pantin
20020,82583924,75020,Paris
12008,124183944,75012,Paris
12102,27363389,75012,Paris
13120,66491373,94200,Ivry-sur-Seine
15024,27363058,75015,Paris
43007,102751453,94300,Vincennes
20110,54000624,75020,Paris
20032,58086242,75020,Paris
22701,16206691682,92270,Bois-Colombes
15050,27399547,75015,Paris
16025,54000610,75016,Paris
13036,101022698,75013,Paris
14035,82440673,75014,Paris
6025,13356269,75006,Paris
14009,54000583,75014,Paris
17117,74858883,75017,Paris
16017,63279,75016,Paris
18021,125918662,75018,Paris
16116,15163771,75016,Paris
20013,82571023,75020,Paris
7023,100893610,75007,Paris
15045,27363205,75015,Paris
25004,653197206,92500,Rueil-Malmaison
12022,27415256,75012,Paris
14005,101488317,75014,Paris
15027,6497,75015,Paris
21023,653118283,92100,Boulogne-Billancourt
31105,124167835,93110,Rosny-sous-Bois
20014,27415371,75020,Paris
5033,82335295,75005,Paris
42205,66491384,94220,Charenton-le-Pont
30004,16931052467,93000,Bobigny
43004,102748267,94300,Vincennes
8046,28233012,75008,Paris
7010,128884445,75007,Paris
17110,49829553,75017,Paris
31701,102752610,93170,Bagnolet
22404,37848502,92120,Montrouge
8007,54000552,75008,Paris
21218,16930981813,92120,Montrouge
17006,66491382,75017,Paris
18101,39882420,75018,Paris
6028,54000547,75006,Paris
20005,27415360,75020,Paris
21207,82588494,92120,Montrouge
10031,125542925,75010,Paris
11016,54000568,75011,Paris
12122,82425449,75012,Paris
15120,7234,75015,Paris
16033,82551956,75016,Paris
21205,85160045,92120,Montrouge
16023,35816213,75016,Paris
24007,653190279,92400,Courbevoie
6004,99840124,75006,Paris
15114,39311270,75015,Paris
11029,82413301,75011,Paris
19014,80077998,75019,Paris
15014,13248144,75015,Paris
11028,82408364,75011,Paris
13055,66491372,75013,Paris
22014,54000631,92200,Neuilly-sur-Seine
20106,54000623,75020,Paris
21027,653121023,92100,Boulogne-Billancourt
15044,76507850,75015,Paris
12040,101010226,75012,Paris
25002,653194214,92500,Rueil-Malmaison
15113,11375742,75015,Paris
13023,42588096,75013,Paris
6005,66491369,75006,Paris
16022,27363397,75016,Paris
20011,39878420,75020,Paris
19001,27415333,75019,Paris
6020,99798962,75006,Paris
21007,82588656,92100,Boulogne-Billancourt
19007,35471668,75019,Paris
21016,27415500,92100,Boulogne-Billancourt
5105,11580442,75005,Paris
11018,27414932,75011,Paris
13013,66507230,75013,Paris
19123,125881065,75019,Paris
21107,54000627,92110,Clichy
13008,27415083,75013,Paris
22007,54000629,92200,Neuilly-sur-Seine
12039,27415004,75012,Paris
13037,27415128,75013,Paris
5031,84961467,75005,Paris
12017,27414937,75012,Paris
21511,14623073464,92150,Suresnes
14025,27363504,75014,Paris
6009,100227241,75006,Paris
42027,2254322638,94200,Ivry-sur-Seine
16104,15377776,75016,Paris
20033,70736110,75020,Paris
11040,15298647,75011,Paris
30005,16210188070,93000,Bobigny
17050,129095489,75017,Paris
8044,66491388,75008,Paris
1201,16043228469,75001,Paris
21510,15189890802,92150,Suresnes
51007,16043316164,95100,Argenteuil
11038,311552027,75011,Paris
17036,121160813,75017,Paris
21033,11063317380,92100,Boulogne-Billancourt
44010,1057387136,94400,Vitry-sur-Seine
21112,54000628,92110,Clichy
26010,17225742003,92600,Asnières-sur-Seine
22703,15187848239,92270,Bois-Colombes
24010,16043242148,92400,Courbevoie
25009,13568870765,92500,Rueil-Malmaison
41304,16043282800,94130,Nogent-sur-Marne
10028,37647,75010,Paris
10001,218903767,75010,Paris
41101,214097180,94110,Arcueil
8003,54000551,75008,Paris
20030,54000621,75011,Paris
16140,2515618216,75016,Paris
7007,100863462,75007,Paris
3201,16965900639,75003,Paris
20035,85123644,75020,Paris
21508,11908488283,92150,Suresnes
15032,253357936,75015,Paris
20037,42517412,75020,Paris
19045,213699079,75019,Paris
23106,17018170219,92310,Sèvres
22302,15066765479,92230,Gennevilliers
13053,213676294,75013,Paris
9029,95073815,75009,Paris
48011,17451132826,94800,Villejuif
41212,10647548670,94120,Fontenay-sous-Bois
34009,10647608657,93400,Saint-Ouen-sur-Seine
10151,54000556,75010,Paris
8031,54000555,75008,Paris
21327,17451195211,92130,Issy-les-Moulineaux
26011,17047102542,92270,Bois-Colombes
22208,17450286381,92220,Bagneux
22209,17225721242,92220,Bagneux
11001,39149651,75011,Paris
45005,16134135570,94500,Champigny-sur-Marne
35021,11266280626,93500,Pantin
18045,27033125,75018,Paris
25010,16134083337,92500,Rueil-Malmaison
18018,49039283,75018,Paris
10025,35642049,75010,Paris
32305,17261310217,93230,Romainville
22305,11851012506,92230,Gennevilliers
21320,16379269732,92130,Issy-les-Moulineaux
22507,13341879803,92250,La Garenne-Colombes
12165,1074347188,75012,Paris
12001,84986959,75012,Paris
21954,2515774908,92190,Meudon
22602,12943772652,92260,Fontenay-aux-Roses
11201,15826185972,75011,Paris
10038,123546861,75010,Paris
22005,252301607,92200,Neuilly-sur-Seine
12106,82423726,75012,Paris
23205,12959947458,92320,Châtillon
32023,12948189248,93200,Saint-Denis
23201,12806084887,92320,Châtillon
18203,102317064,75018,Paris
23203,11851103861,92320,Châtillon
9035,210581084,75009,Paris
17126,11438049493,75017,Paris
34005,11437651826,93400,Saint-Ouen-sur-Seine
17127,11438116799,75017,Paris
26008,11437761399,92600,Asnières-sur-Seine
26009,11437961617,92600,Asnières-sur-Seine
34008,11004720021,93400,Saint-Ouen-sur-Seine
34012,11437706131,93400,Saint-Ouen-sur-Seine
23204,13373758036,92320,Châtillon
31301,13373801574,93130,Noisy-le-Sec
21514,13373712848,92150,Suresnes
31303,13373848216,93130,Noisy-le-Sec
21302,102335085,92130,Issy-les-Moulineaux
10026,82402482,75010,Paris
17010,129088667,75017,Paris
18023,54000604,75018,Paris
18026,43247738,75018,Paris
18024,102311820,75018,Paris
8004,315022587,75008,Paris
13123,1062807847,75013,Paris
18043,126354477,75018,Paris
42004,368766689,94200,Ivry-sur-Seine
13014,210753033,75013,Paris
21501,653139063,92150,Suresnes
31201,18523627466,93120,La Courneuve
4104,478732841,75004,Paris
33019,2515855808,93300,Aubervilliers
31202,18523643190,93120,La Courneuve
15013,82457375,75015,Paris
15056,34742973,75015,Paris
19204,18206879942,75019,Paris
15062,82499609,75015,Paris
18134,507934805,75018,Paris
12010,452347778,75012,Paris
10114,129042700,75010,Paris
47007,907054879,94700,Maisons-Alfort
15058,101761298,75015,Paris
13035,452341449,75013,Paris
1003,437741660,75001,Paris
5201,18099679477,75005,Paris
9104,129026597,75009,Paris
12105,101013666,75012,Paris
11014,74635382,75011,Paris
18041,39202840,75018,Paris
11037,312165511,75011,Paris
19018,523900881,75019,Paris
35001,213999554,93300,Aubervilliers
11020,43165673,75011,Paris
3004,442739463,75003,Paris
35002,27415736,93500,Pantin
11102,82417874,75011,Paris
12157,581480367,75012,Paris
11011,42907187,75011,Paris
21213,653131074,92120,Montrouge
18044,653087180,75009,Paris
11009,478952881,75011,Paris
15060,30641281,75015,Paris
11012,54000567,75011,Paris
7111,476053320,75007,Paris
21021,117480156,92100,Boulogne-Billancourt
15105,213684314,75015,Paris
8057,210573120,75008,Paris
18042,256403519,75018,Paris
8039,121086415,75008,Paris
7109,1062742831,75007,Paris
7025,128915891,75007,Paris
16103,213687475,75016,Paris
11046,129050965,75011,Paris
8002,394404659,75008,Paris
32012,653046369,93200,Saint-Denis
4010,476155906,75004,Paris
4005,516395829,75004,Paris
12127,653073004,75012,Paris
23011,54000634,92300,Levallois-Perret
12107,54000572,75012,Paris
15122,384370499,75015,Paris
